0 ['audspec_lengthl1norm_sma_skewness','audspec_lengthl1norm_sma_iqr1-2','hammarbergindexv_sma3nz_stddevnorm','audspecrasta_lengthl1norm_sma_quartile2','audspec_lengthl1norm_sma_lpc0'],,
1 ['mfcc2_sma3_amean', 'loudnesspeakspersec','audspec_lengthl1norm_sma_lpc2','pcm_zcr_sma_upleveltime90','audspec_lengthl1norm_sma_kurtosis'],,
2 ['hnrdbacf_sma3nz_amean','audspec_lengthl1norm_sma_percentile99.0','f2bandwidth_sma3nz_stddevnorm','audspecrasta_lengthl1norm_sma_quartile2','f2amplitudelogrelf0_sma3nz_amean'],,
3 ['loudness_sma3_meanfallingslope','hammarbergindexv_sma3nz_amean', 'voicedsegmentspersec','hnrdbacf_sma3nz_amean','spectralflux_sma3_amean'],,
4 ['loudness_sma3_amean','audspecrasta_lengthl1norm_sma_leftctime','f0semitonefrom27.5hz_sma3nz_amean','mfcc3v_sma3nz_amean','loudness_sma3_stddevnorm'],,
5 ['slopev0-500_sma3nz_amean', 'pcm_rmsenergy_sma_kurtosis','audspec_lengthl1norm_sma_upleveltime50','mfcc3v_sma3nz_amean','audspec_lengthl1norm_sma_kurtosis'],,
6 ['audspec_lengthl1norm_sma_upleveltime50', 'pcm_zcr_sma_minseglen','pcm_rmsenergy_sma_upleveltime50', 'meanvoicedsegmentlengthsec','audspecrasta_lengthl1norm_sma_upleveltime75'],,
7 ['audspecrasta_lengthl1norm_sma_iqr2-3','f0semitonefrom27.5hz_sma3nz_amean','spectralflux_sma3_amean','slopev0-500_sma3nz_amean','audspec_lengthl1norm_sma_percentile99.0'],,
8 ['audspec_lengthl1norm_sma_risetime', 'pcm_zcr_sma_leftctime','hammarbergindexv_sma3nz_amean', 'pcm_rmsenergy_sma_risetime','loudness_sma3_stddevfallingslope'],,
9 ['audspecrasta_lengthl1norm_sma_skewness', 'pcm_rmsenergy_sma_lpgain','audspecrasta_lengthl1norm_sma_seglenstddev', 'pcm_rmsenergy_sma_stddev', 'pcm_rmsenergy_sma_range'],,
10 ['f2bandwidth_sma3nz_stddevnorm','f0semitonefrom27.5hz_sma3nz_percentile80.0','audspecrasta_lengthl1norm_sma_quartile1','audspecrasta_lengthl1norm_sma_range','slopev500-1500_sma3nz_amean'],,
11 ['hammarbergindexv_sma3nz_amean','pcm_zcr_sma_lpc0','slopev500-1500_sma3nz_stddevnorm','mfcc4v_sma3nz_stddevnorm','mfcc4v_sma3nz_amean'],,
12 ['spectralflux_sma3_amean','pcm_rmsenergy_sma_quartile1', 'pcm_rmsenergy_sma_risetime','pcm_rmsenergy_sma_quartile3', 'pcm_rmsenergy_sma_maxpos'],,
13 ['pcm_zcr_sma_stddev', 'pcm_zcr_sma_range','f3frequency_sma3nz_stddevnorm','jitterlocal_sma3nz_stddevnorm','audspecrasta_lengthl1norm_sma_quartile2'],,
14 ['pcm_rmsenergy_sma_maxpos','pcm_zcr_sma_upleveltime25','audspec_lengthl1norm_sma_maxpos','pcm_zcr_sma_upleveltime50','audspecrasta_lengthl1norm_sma_quartile1'],,
15 ['audspecrasta_lengthl1norm_sma_meanseglen','f0semitonefrom27.5hz_sma3nz_percentile20.0','audspecrasta_lengthl1norm_sma_percentile99.0','audspecrasta_lengthl1norm_sma_iqr2-3','audspecrasta_lengthl1norm_sma_quartile1'],,
16 ['audspecrasta_lengthl1norm_sma_leftctime', 'meanunvoicedsegmentlength','slopev0-500_sma3nz_amean','pcm_rmsenergy_sma_lpc1','audspecrasta_lengthl1norm_sma_lpc4'],,
17 ['audspecrasta_lengthl1norm_sma_leftctime','audspecrasta_lengthl1norm_sma_stddev', 'voicedsegmentspersec','loudness_sma3_percentile80.0','slopeuv0-500_sma3nz_amean'],,
18 ['audspec_lengthl1norm_sma_maxpos','f0semitonefrom27.5hz_sma3nz_percentile80.0', 'loudnesspeakspersec', 'pcm_rmsenergy_sma_minpos', 'pcm_zcr_sma_lpgain'],,
19 ['loudness_sma3_stddevfallingslope','loudness_sma3_stddevnorm', 'loudnesspeakspersec','spectralflux_sma3_stddevnorm', 'pcm_rmsenergy_sma_lpgain'],,
20 ['audspecrasta_lengthl1norm_sma_percentile1.0','pcm_zcr_sma_quartile1','loudness_sma3_percentile80.0','pcm_rmsenergy_sma_lpc1','loudness_sma3_percentile50.0'],,
21 ['audspec_lengthl1norm_sma_range', 'pcm_zcr_sma_range', 'pcm_zcr_sma_stddev', 'loudnesspeakspersec','pcm_rmsenergy_sma_upleveltime90'],,
22 ['audspecrasta_lengthl1norm_sma_iqr1-2','pcm_rmsenergy_sma_iqr2-3','audspec_lengthl1norm_sma_risetime','loudness_sma3_pctlrange0-2','audspec_lengthl1norm_sma_iqr2-3'],,
23 ['mfcc3v_sma3nz_amean', 'pcm_rmsenergy_sma_lpgain','hnrdbacf_sma3nz_amean','mfcc2v_sma3nz_amean', 'loudnesspeakspersec'],,
24 ['audspecrasta_lengthl1norm_sma_percentile1.0','pcm_rmsenergy_sma_quartile3','alpharatiov_sma3nz_stddevnorm','hnrdbacf_sma3nz_stddevnorm', 'pcm_rmsenergy_sma_maxseglen'],,
25 ['spectralflux_sma3_stddevnorm', 'equivalentsoundlevel_dbp', 'pcm_rmsenergy_sma_range','f1amplitudelogrelf0_sma3nz_amean','pcm_rmsenergy_sma_quartile1'],,
26 ['pcm_rmsenergy_sma_iqr2-3', 'pcm_rmsenergy_sma_stddev','mfcc2v_sma3nz_amean','slopeuv500-1500_sma3nz_amean','jitterlocal_sma3nz_amean'],,
27 ['pcm_zcr_sma_percentile1.0','slopeuv0-500_sma3nz_amean','audspec_lengthl1norm_sma_meanseglen','loudness_sma3_pctlrange0-2','audspec_lengthl1norm_sma_iqr2-3'],,
28 ['audspec_lengthl1norm_sma_risetime', 'loudnesspeakspersec','loudness_sma3_percentile20.0','slopeuv0-500_sma3nz_amean','pcm_rmsenergy_sma_upleveltime50'],,
29 ['audspecrasta_lengthl1norm_sma_range','audspecrasta_lengthl1norm_sma_stddev','audspec_lengthl1norm_sma_lpc0','pcm_rmsenergy_sma_iqr1-2','audspec_lengthl1norm_sma_maxseglen'],,
30 ['audspec_lengthl1norm_sma_risetime','audspec_lengthl1norm_sma_lpc4', 'pcm_rmsenergy_sma_risetime','audspecrasta_lengthl1norm_sma_range','audspecrasta_lengthl1norm_sma_pctlrange0-1'],,
31 ['audspecrasta_lengthl1norm_sma_stddev', 'loudnesspeakspersec', 'pcm_rmsenergy_sma_range','pcm_rmsenergy_sma_iqr1-3','hnrdbacf_sma3nz_stddevnorm'],,
32 ['audspec_lengthl1norm_sma_risetime','hnrdbacf_sma3nz_amean','f2bandwidth_sma3nz_amean','pcm_zcr_sma_upleveltime25','pcm_rmsenergy_sma_quartile3'],,
33 ['audspec_lengthl1norm_sma_lpc1','pcm_rmsenergy_sma_lpc1', 'voicedsegmentspersec','audspec_lengthl1norm_sma_lpc3','pcm_rmsenergy_sma_lpc0'],,
34 ['pcm_rmsenergy_sma_risetime','audspec_lengthl1norm_sma_risetime','loudness_sma3_stddevnorm','loudness_sma3_meanrisingslope','pcm_zcr_sma_lpc0'],,
35 ['audspec_lengthl1norm_sma_percentile1.0','loudness_sma3_percentile50.0','loudness_sma3_amean','spectralflux_sma3_stddevnorm','audspecrasta_lengthl1norm_sma_percentile1.0'],,
36 ['stddevvoicedsegmentlengthsec','audspec_lengthl1norm_sma_iqr1-2','f3bandwidth_sma3nz_amean','audspecrasta_lengthl1norm_sma_maxseglen', 'pcm_zcr_sma_skewness'],,
37 ['audspec_lengthl1norm_sma_lpgain', 'pcm_rmsenergy_sma_lpgain','f0semitonefrom27.5hz_sma3nz_percentile20.0','alpharatiov_sma3nz_amean','pcm_zcr_sma_iqr1-2'],,
38 ['audspec_lengthl1norm_sma_upleveltime50','pcm_rmsenergy_sma_quartile3', 'pcm_zcr_sma_minseglen', 'pcm_rmsenergy_sma_risetime','audspecrasta_lengthl1norm_sma_iqr1-2'],,
39 ['audspecrasta_lengthl1norm_sma_lpgain','pcm_rmsenergy_sma_percentile99.0', 'pcm_rmsenergy_sma_range', 'pcm_rmsenergy_sma_stddev','audspecrasta_lengthl1norm_sma_percentile99.0'],,
40 ['audspecrasta_lengthl1norm_sma_leftctime', 'pcm_zcr_sma_lpgain','slopev0-500_sma3nz_amean','spectralfluxv_sma3nz_amean','loudness_sma3_percentile20.0'],,
41 ['audspecrasta_lengthl1norm_sma_quartile2','f2bandwidth_sma3nz_amean','pcm_rmsenergy_sma_lpc0', 'pcm_rmsenergy_sma_kurtosis','f0semitonefrom27.5hz_sma3nz_percentile20.0'],,
42 ['audspecrasta_lengthl1norm_sma_leftctime','audspecrasta_lengthl1norm_sma_iqr2-3','audspec_lengthl1norm_sma_upleveltime50','audspec_lengthl1norm_sma_minpos','pcm_rmsenergy_sma_percentile1.0'],,
43 ['audspecrasta_lengthl1norm_sma_quartile2','audspecrasta_lengthl1norm_sma_quartile1','audspec_lengthl1norm_sma_risetime','hnrdbacf_sma3nz_stddevnorm','f3frequency_sma3nz_amean'],,
44 ['audspec_lengthl1norm_sma_stddev','f0semitonefrom27.5hz_sma3nz_percentile80.0','f1amplitudelogrelf0_sma3nz_amean','audspec_lengthl1norm_sma_range','audspec_lengthl1norm_sma_lpc0'],,
45 ['audspec_lengthl1norm_sma_lpc0', 'pcm_zcr_sma_maxpos','audspecrasta_lengthl1norm_sma_quartile3', 'loudnesspeakspersec', 'pcm_rmsenergy_sma_stddev'],,
46 ['audspecrasta_lengthl1norm_sma_seglenstddev','pcm_zcr_sma_percentile1.0','audspecrasta_lengthl1norm_sma_range','audspecrasta_lengthl1norm_sma_maxseglen','audspecrasta_lengthl1norm_sma_lpc4'],,
47 ['loudness_sma3_pctlrange0-2','audspec_lengthl1norm_sma_upleveltime90', 'equivalentsoundlevel_dbp','pcm_zcr_sma_quartile1','audspecrasta_lengthl1norm_sma_quartile1'],,
48 ['audspec_lengthl1norm_sma_iqr2-3','audspecrasta_lengthl1norm_sma_iqr1-2', 'pcm_rmsenergy_sma_stddev','audspec_lengthl1norm_sma_maxpos','jitterlocal_sma3nz_amean'],,
49 ['audspec_lengthl1norm_sma_stddev','hnrdbacf_sma3nz_amean','loudness_sma3_stddevrisingslope','audspecrasta_lengthl1norm_sma_lpc1','audspec_lengthl1norm_sma_range'],,
50 ['audspecrasta_lengthl1norm_sma_upleveltime75','logrelf0-h1-h2_sma3nz_stddevnorm','f2frequency_sma3nz_stddevnorm','audspec_lengthl1norm_sma_range','pcm_rmsenergy_sma_upleveltime50'],,
51 ['audspec_lengthl1norm_sma_iqr1-3', 'loudnesspeakspersec','hammarbergindexv_sma3nz_amean','pcm_rmsenergy_sma_iqr2-3','audspecrasta_lengthl1norm_sma_iqr1-3'],,
52 ['audspecrasta_lengthl1norm_sma_leftctime','audspecrasta_lengthl1norm_sma_lpgain','f2amplitudelogrelf0_sma3nz_amean','loudness_sma3_percentile50.0','loudness_sma3_percentile80.0'],,
53 ['loudness_sma3_meanrisingslope','pcm_zcr_sma_upleveltime90','audspec_lengthl1norm_sma_stddev','audspec_lengthl1norm_sma_iqr2-3', 'pcm_zcr_sma_meanseglen'],,
54 ['audspecrasta_lengthl1norm_sma_lpc2','audspec_lengthl1norm_sma_leftctime','audspec_lengthl1norm_sma_minpos','alpharatiov_sma3nz_stddevnorm','audspecrasta_lengthl1norm_sma_lpc0'],,
55 ['audspecrasta_lengthl1norm_sma_kurtosis','audspec_lengthl1norm_sma_kurtosis','audspec_lengthl1norm_sma_upleveltime25', 'loudnesspeakspersec','hnrdbacf_sma3nz_amean'],,
56 ['pcm_rmsenergy_sma_maxpos','audspec_lengthl1norm_sma_upleveltime75','audspecrasta_lengthl1norm_sma_meanseglen','audspec_lengthl1norm_sma_risetime','audspec_lengthl1norm_sma_upleveltime50'],,
57 ['audspec_lengthl1norm_sma_risetime','slopeuv0-500_sma3nz_amean', 'equivalentsoundlevel_dbp','jitterlocal_sma3nz_stddevnorm', 'pcm_rmsenergy_sma_range'],,
58 ['loudnesspeakspersec','pcm_rmsenergy_sma_upleveltime90','f3bandwidth_sma3nz_amean','pcm_zcr_sma_percentile1.0','loudness_sma3_meanrisingslope'],,
59 ['audspecrasta_lengthl1norm_sma_iqr1-3','loudness_sma3_stddevnorm', 'meanunvoicedsegmentlength','audspec_lengthl1norm_sma_lpc3','f3amplitudelogrelf0_sma3nz_amean'],,