0 ['pcm_zcr_sma_risetime','audspecrasta_lengthl1norm_sma_percentile1.0','audspec_lengthl1norm_sma_quartile1','loudness_sma3_percentile50.0', 'pcm_rmsenergy_sma_risetime'],,
1 ['audspec_lengthl1norm_sma_upleveltime50','spectralflux_sma3_amean','mfcc2v_sma3nz_amean','audspecrasta_lengthl1norm_sma_skewness','audspecrasta_lengthl1norm_sma_upleveltime25'],,
2 ['jitterlocal_sma3nz_stddevnorm','hammarbergindexv_sma3nz_stddevnorm','pcm_zcr_sma_percentile1.0','audspec_lengthl1norm_sma_upleveltime75', 'pcm_rmsenergy_sma_seglenstddev'],,
3 ['f0semitonefrom27.5hz_sma3nz_percentile20.0','audspecrasta_lengthl1norm_sma_quartile1','audspecrasta_lengthl1norm_sma_kurtosis','pcm_rmsenergy_sma_percentile99.0','spectralfluxv_sma3nz_amean'],,
4 ['pcm_zcr_sma_quartile3','slopeuv0-500_sma3nz_amean','pcm_rmsenergy_sma_quartile3', 'equivalentsoundlevel_dbp','pcm_zcr_sma_pctlrange0-1'],,
5 ['pcm_zcr_sma_iqr2-3','slopeuv0-500_sma3nz_amean','audspec_lengthl1norm_sma_kurtosis','audspecrasta_lengthl1norm_sma_leftctime', 'pcm_rmsenergy_sma_seglenstddev'],,
6 ['hnrdbacf_sma3nz_amean','mfcc1_sma3_amean','alpharatiouv_sma3nz_amean','spectralflux_sma3_amean','pcm_zcr_sma_percentile1.0'],,
7 ['pcm_rmsenergy_sma_percentile99.0','audspecrasta_lengthl1norm_sma_range','f2bandwidth_sma3nz_stddevnorm', 'pcm_zcr_sma_meanseglen','pcm_zcr_sma_iqr1-2'],,
8 ['equivalentsoundlevel_dbp','f3amplitudelogrelf0_sma3nz_stddevnorm','f1bandwidth_sma3nz_amean','mfcc1v_sma3nz_amean','pcm_zcr_sma_pctlrange0-1'],,
9 ['audspec_lengthl1norm_sma_iqr1-3','alpharatiov_sma3nz_amean','hnrdbacf_sma3nz_amean','f3amplitudelogrelf0_sma3nz_stddevnorm','mfcc4v_sma3nz_stddevnorm'],,
10 ['audspecrasta_lengthl1norm_sma_percentile1.0','hammarbergindexv_sma3nz_stddevnorm', 'pcm_zcr_sma_maxpos','spectralflux_sma3_stddevnorm','mfcc1v_sma3nz_amean'],,
11 ['audspec_lengthl1norm_sma_quartile1','audspec_lengthl1norm_sma_risetime','pcm_rmsenergy_sma_quartile2','audspec_lengthl1norm_sma_iqr1-2', 'pcm_rmsenergy_sma_risetime'],,
12 ['pcm_rmsenergy_sma_upleveltime75','mfcc1v_sma3nz_stddevnorm', 'pcm_rmsenergy_sma_leftctime','audspec_lengthl1norm_sma_upleveltime90','audspecrasta_lengthl1norm_sma_range'],,
13 ['pcm_rmsenergy_sma_leftctime','pcm_rmsenergy_sma_lpc0','audspecrasta_lengthl1norm_sma_iqr1-2','pcm_rmsenergy_sma_pctlrange0-1','spectralfluxv_sma3nz_stddevnorm'],,
14 ['meanvoicedsegmentlengthsec','loudness_sma3_amean','loudness_sma3_stddevfallingslope','slopeuv0-500_sma3nz_amean','pcm_rmsenergy_sma_pctlrange0-1'],,
15 ['audspecrasta_lengthl1norm_sma_lpc1','pcm_rmsenergy_sma_upleveltime25','audspecrasta_lengthl1norm_sma_quartile3','audspec_lengthl1norm_sma_seglenstddev','pcm_rmsenergy_sma_percentile99.0'],,
16 ['audspecrasta_lengthl1norm_sma_percentile1.0','f0semitonefrom27.5hz_sma3nz_amean', 'meanunvoicedsegmentlength', 'pcm_rmsenergy_sma_lpgain','pcm_zcr_sma_upleveltime25'],,
17 ['mfcc1v_sma3nz_amean','f0semitonefrom27.5hz_sma3nz_percentile20.0', 'meanunvoicedsegmentlength','loudness_sma3_stddevnorm','spectralfluxuv_sma3nz_amean'],,
18 ['loudnesspeakspersec','f2amplitudelogrelf0_sma3nz_amean', 'pcm_rmsenergy_sma_maxseglen','audspec_lengthl1norm_sma_leftctime','audspec_lengthl1norm_sma_upleveltime25'],,
19 ['mfcc1_sma3_amean','mfcc2v_sma3nz_amean','audspecrasta_lengthl1norm_sma_iqr1-2','audspecrasta_lengthl1norm_sma_quartile1','mfcc2v_sma3nz_stddevnorm'],,
20 ['mfcc1v_sma3nz_amean','pcm_zcr_sma_quartile1','mfcc1_sma3_amean','spectralflux_sma3_amean','mfcc4_sma3_stddevnorm'],,
21 ['spectralflux_sma3_amean', 'pcm_rmsenergy_sma_maxpos','f1amplitudelogrelf0_sma3nz_stddevnorm', 'pcm_rmsenergy_sma_skewness','f0semitonefrom27.5hz_sma3nz_percentile50.0'],,
22 ['audspecrasta_lengthl1norm_sma_quartile2','spectralfluxuv_sma3nz_amean','alpharatiov_sma3nz_stddevnorm','loudness_sma3_stddevnorm','slopeuv500-1500_sma3nz_amean'],,
