0 ['pcm_rmsenergy_sma_lpc2','f1bandwidth_sma3nz_amean','audspecrasta_lengthl1norm_sma_maxpos','f2bandwidth_sma3nz_amean','jitterlocal_sma3nz_amean'],,
1 ['pcm_zcr_sma_iqr1-3','hnrdbacf_sma3nz_amean','mfcc2_sma3_stddevnorm','mfcc4v_sma3nz_amean','pcm_rmsenergy_sma_quartile1'],,
2 ['loudness_sma3_meanfallingslope','audspecrasta_lengthl1norm_sma_lpc4','audspecrasta_lengthl1norm_sma_lpc2','audspec_lengthl1norm_sma_lpgain','pcm_rmsenergy_sma_percentile99.0'],,
3 ['mfcc1v_sma3nz_amean','pcm_zcr_sma_quartile2','pcm_zcr_sma_quartile1','f1amplitudelogrelf0_sma3nz_amean','loudness_sma3_meanrisingslope'],,
4 ['f0semitonefrom27.5hz_sma3nz_stddevrisingslope','pcm_zcr_sma_percentile99.0','f0semitonefrom27.5hz_sma3nz_meanrisingslope', 'pcm_zcr_sma_range','audspecrasta_lengthl1norm_sma_iqr1-2'],,
5 ['f3amplitudelogrelf0_sma3nz_stddevnorm','pcm_rmsenergy_sma_quartile3','shimmerlocaldb_sma3nz_stddevnorm','hnrdbacf_sma3nz_amean','alpharatiouv_sma3nz_amean'],,
6 ['audspecrasta_lengthl1norm_sma_iqr1-3','f1frequency_sma3nz_stddevnorm','audspec_lengthl1norm_sma_maxpos','audspecrasta_lengthl1norm_sma_quartile3','mfcc3_sma3_amean'],,
7 ['f1amplitudelogrelf0_sma3nz_amean','audspecrasta_lengthl1norm_sma_quartile2','loudness_sma3_pctlrange0-2','mfcc2_sma3_amean','loudness_sma3_meanrisingslope'],,
8 ['jitterlocal_sma3nz_stddevnorm','loudness_sma3_percentile50.0','audspecrasta_lengthl1norm_sma_lpc0','logrelf0-h1-h2_sma3nz_stddevnorm','hammarbergindexv_sma3nz_stddevnorm'],,
9 ['mfcc3v_sma3nz_stddevnorm','mfcc2v_sma3nz_amean','slopev500-1500_sma3nz_amean','f0semitonefrom27.5hz_sma3nz_stddevnorm','slopeuv500-1500_sma3nz_amean'],,
10 ['loudness_sma3_percentile20.0','pcm_zcr_sma_upleveltime25','audspecrasta_lengthl1norm_sma_percentile1.0','loudness_sma3_stddevnorm','f0semitonefrom27.5hz_sma3nz_amean'],,
11 ['loudness_sma3_percentile80.0','audspec_lengthl1norm_sma_lpgain','audspecrasta_lengthl1norm_sma_lpc0','audspecrasta_lengthl1norm_sma_leftctime','pcm_rmsenergy_sma_lpc3'],,
12 ['mfcc2_sma3_amean','audspec_lengthl1norm_sma_upleveltime90', 'voicedsegmentspersec','slopeuv500-1500_sma3nz_amean','f0semitonefrom27.5hz_sma3nz_amean'],,
13 ['loudnesspeakspersec','loudness_sma3_meanrisingslope','audspec_lengthl1norm_sma_percentile99.0','mfcc2_sma3_amean','audspec_lengthl1norm_sma_range'],,
14 ['hammarbergindexuv_sma3nz_amean','loudness_sma3_percentile80.0', 'pcm_rmsenergy_sma_leftctime','audspecrasta_lengthl1norm_sma_percentile1.0','loudness_sma3_meanfallingslope'],,
15 ['audspec_lengthl1norm_sma_lpc0','audspecrasta_lengthl1norm_sma_skewness','audspecrasta_lengthl1norm_sma_upleveltime50','audspec_lengthl1norm_sma_upleveltime75','shimmerlocaldb_sma3nz_amean'],,
16 ['audspecrasta_lengthl1norm_sma_percentile1.0','alpharatiouv_sma3nz_amean','mfcc4v_sma3nz_stddevnorm','mfcc4v_sma3nz_amean','mfcc3v_sma3nz_stddevnorm'],,
17 ['alpharatiouv_sma3nz_amean','hammarbergindexv_sma3nz_stddevnorm','audspecrasta_lengthl1norm_sma_lpc0','shimmerlocaldb_sma3nz_stddevnorm','loudness_sma3_percentile80.0'],,
18 ['pcm_zcr_sma_risetime','audspecrasta_lengthl1norm_sma_skewness','audspec_lengthl1norm_sma_iqr1-2','f0semitonefrom27.5hz_sma3nz_stddevnorm','audspecrasta_lengthl1norm_sma_risetime'],,
19 ['f1bandwidth_sma3nz_amean','slopeuv500-1500_sma3nz_amean','pcm_zcr_sma_quartile3','alpharatiov_sma3nz_amean','mfcc1_sma3_amean'],,
20 ['stddevvoicedsegmentlengthsec','mfcc1v_sma3nz_amean','f0semitonefrom27.5hz_sma3nz_percentile50.0','jitterlocal_sma3nz_stddevnorm','f0semitonefrom27.5hz_sma3nz_percentile20.0'],,
21 ['pcm_rmsenergy_sma_lpc0','audspec_lengthl1norm_sma_lpc0','pcm_rmsenergy_sma_lpc1','hammarbergindexv_sma3nz_stddevnorm','audspec_lengthl1norm_sma_pctlrange0-1'],,
22 ['audspec_lengthl1norm_sma_lpgain', 'loudnesspeakspersec','loudness_sma3_meanrisingslope','loudness_sma3_meanfallingslope','jitterlocal_sma3nz_amean'],,
23 ['pcm_zcr_sma_upleveltime75','loudness_sma3_meanrisingslope','audspec_lengthl1norm_sma_percentile99.0','audspec_lengthl1norm_sma_lpgain','f3bandwidth_sma3nz_amean'],,
24 ['loudness_sma3_stddevrisingslope','loudness_sma3_meanrisingslope','audspec_lengthl1norm_sma_risetime','f0semitonefrom27.5hz_sma3nz_stddevnorm','mfcc3_sma3_stddevnorm'],,
25 ['hnrdbacf_sma3nz_amean','audspec_lengthl1norm_sma_upleveltime75','audspecrasta_lengthl1norm_sma_meanseglen','f0semitonefrom27.5hz_sma3nz_percentile50.0','audspecrasta_lengthl1norm_sma_maxpos'],,
26 ['loudness_sma3_stddevrisingslope','spectralfluxv_sma3nz_stddevnorm','f0semitonefrom27.5hz_sma3nz_pctlrange0-2','audspec_lengthl1norm_sma_lpc3','logrelf0-h1-h2_sma3nz_stddevnorm'],,
27 ['audspecrasta_lengthl1norm_sma_lpc4','audspecrasta_lengthl1norm_sma_lpc2','loudness_sma3_stddevnorm','mfcc3_sma3_stddevnorm','f0semitonefrom27.5hz_sma3nz_stddevnorm'],,
28 ['mfcc2_sma3_amean','mfcc2v_sma3nz_amean','slopev500-1500_sma3nz_stddevnorm','audspec_lengthl1norm_sma_meanseglen','audspec_lengthl1norm_sma_iqr2-3'],,
29 ['loudness_sma3_amean','mfcc1_sma3_stddevnorm','mfcc1v_sma3nz_stddevnorm','spectralfluxv_sma3nz_stddevnorm','audspecrasta_lengthl1norm_sma_lpgain'],,
30 ['hammarbergindexv_sma3nz_amean','f3bandwidth_sma3nz_amean','f1bandwidth_sma3nz_amean','f2bandwidth_sma3nz_amean','loudness_sma3_stddevnorm'],,
31 ['loudness_sma3_amean','mfcc2v_sma3nz_amean','audspec_lengthl1norm_sma_range', 'pcm_rmsenergy_sma_range','audspec_lengthl1norm_sma_lpc3'],,
32 ['audspec_lengthl1norm_sma_leftctime','audspecrasta_lengthl1norm_sma_percentile99.0', 'loudnesspeakspersec','pcm_rmsenergy_sma_percentile99.0','spectralfluxv_sma3nz_amean'],,
33 ['shimmerlocaldb_sma3nz_stddevnorm','f0semitonefrom27.5hz_sma3nz_pctlrange0-2','audspec_lengthl1norm_sma_upleveltime75','pcm_rmsenergy_sma_lpc0','audspec_lengthl1norm_sma_upleveltime50'],,
34 ['audspecrasta_lengthl1norm_sma_percentile99.0','audspec_lengthl1norm_sma_skewness','mfcc3_sma3_stddevnorm','audspecrasta_lengthl1norm_sma_lpc0','f0semitonefrom27.5hz_sma3nz_percentile20.0'],,
35 ['loudness_sma3_stddevnorm','mfcc2_sma3_amean','spectralflux_sma3_stddevnorm','loudness_sma3_percentile20.0','audspec_lengthl1norm_sma_range'],,
36 ['loudness_sma3_percentile20.0','pcm_rmsenergy_sma_lpc2','audspec_lengthl1norm_sma_lpc4','loudness_sma3_meanrisingslope','f2bandwidth_sma3nz_stddevnorm'],,
37 ['audspec_lengthl1norm_sma_upleveltime75','f0semitonefrom27.5hz_sma3nz_percentile50.0','jitterlocal_sma3nz_amean','loudness_sma3_meanrisingslope','mfcc1_sma3_amean'],,
38 ['audspec_lengthl1norm_sma_leftctime','hnrdbacf_sma3nz_stddevnorm','alpharatiov_sma3nz_amean','audspec_lengthl1norm_sma_lpc1', 'voicedsegmentspersec'],,
39 ['pcm_zcr_sma_lpgain', 'stddevunvoicedsegmentlength','audspecrasta_lengthl1norm_sma_percentile1.0','f0semitonefrom27.5hz_sma3nz_percentile20.0','pcm_zcr_sma_quartile3'],,
40 ['audspecrasta_lengthl1norm_sma_percentile1.0','spectralfluxuv_sma3nz_amean','mfcc1v_sma3nz_stddevnorm','mfcc1v_sma3nz_amean','hnrdbacf_sma3nz_amean'],,
41 ['audspec_lengthl1norm_sma_quartile3','loudness_sma3_percentile50.0','spectralfluxv_sma3nz_amean','mfcc2_sma3_amean','audspec_lengthl1norm_sma_lpc1'],,
42 ['stddevunvoicedsegmentlength','f3amplitudelogrelf0_sma3nz_amean', 'meanvoicedsegmentlengthsec', 'meanunvoicedsegmentlength','hnrdbacf_sma3nz_amean'],,
43 ['f0semitonefrom27.5hz_sma3nz_stddevnorm','pcm_rmsenergy_sma_upleveltime75','mfcc1_sma3_stddevnorm','mfcc3v_sma3nz_stddevnorm','pcm_rmsenergy_sma_upleveltime90'],,
44 ['pcm_rmsenergy_sma_upleveltime25','pcm_rmsenergy_sma_quartile2','f1bandwidth_sma3nz_stddevnorm', 'pcm_rmsenergy_sma_kurtosis', 'loudnesspeakspersec'],,
45 ['pcm_rmsenergy_sma_percentile1.0','audspecrasta_lengthl1norm_sma_pctlrange0-1','slopeuv500-1500_sma3nz_amean','audspec_lengthl1norm_sma_lpc4','audspecrasta_lengthl1norm_sma_lpc3'],,
46 ['f1amplitudelogrelf0_sma3nz_amean','f2amplitudelogrelf0_sma3nz_amean','loudness_sma3_stddevfallingslope','audspecrasta_lengthl1norm_sma_risetime','loudness_sma3_meanfallingslope'],,
47 ['audspecrasta_lengthl1norm_sma_range','audspec_lengthl1norm_sma_percentile1.0','audspec_lengthl1norm_sma_lpc0','f3bandwidth_sma3nz_amean','pcm_zcr_sma_quartile1'],,
48 ['f3bandwidth_sma3nz_amean','loudness_sma3_percentile80.0', 'pcm_zcr_sma_range','mfcc3_sma3_amean','loudness_sma3_meanrisingslope'],,
49 ['audspecrasta_lengthl1norm_sma_quartile3','audspec_lengthl1norm_sma_meanseglen','pcm_rmsenergy_sma_iqr2-3','slopeuv500-1500_sma3nz_amean','audspecrasta_lengthl1norm_sma_quartile1'],,
