0 ['audspec_lengthl1norm_sma_meanseglen','f2frequency_sma3nz_amean','pcm_zcr_sma_quartile1','loudness_sma3_stddevnorm','pcm_zcr_sma_pctlrange0-1'],,
1 ['pcm_zcr_sma_range','f0semitonefrom27.5hz_sma3nz_amean','loudness_sma3_stddevrisingslope','f2amplitudelogrelf0_sma3nz_amean','audspecrasta_lengthl1norm_sma_percentile1.0'],,
2 ['mfcc1_sma3_stddevnorm','mfcc3v_sma3nz_stddevnorm','pcm_rmsenergy_sma_lpc1','f3amplitudelogrelf0_sma3nz_amean','pcm_rmsenergy_sma_pctlrange0-1'],,
3 ['pcm_zcr_sma_quartile1','audspecrasta_lengthl1norm_sma_percentile1.0','slopeuv0-500_sma3nz_amean', 'pcm_rmsenergy_sma_maxseglen','pcm_zcr_sma_quartile3'],,
4 ['loudness_sma3_meanfallingslope','pcm_zcr_sma_iqr1-2','f2amplitudelogrelf0_sma3nz_stddevnorm','pcm_zcr_sma_quartile1', 'pcm_zcr_sma_skewness'],,
5 ['voicedsegmentspersec','spectralflux_sma3_stddevnorm','f3amplitudelogrelf0_sma3nz_amean','f0semitonefrom27.5hz_sma3nz_amean','f2amplitudelogrelf0_sma3nz_amean'],,
6 ['loudness_sma3_stddevnorm','audspecrasta_lengthl1norm_sma_iqr1-3','audspec_lengthl1norm_sma_quartile1','mfcc3_sma3_amean','hnrdbacf_sma3nz_amean'],,
7 ['pcm_zcr_sma_pctlrange0-1','mfcc1_sma3_stddevnorm', 'pcm_zcr_sma_range', 'voicedsegmentspersec','audspecrasta_lengthl1norm_sma_range'],,
8 ['audspecrasta_lengthl1norm_sma_lpc1','audspecrasta_lengthl1norm_sma_pctlrange0-1','pcm_zcr_sma_percentile1.0','alpharatiouv_sma3nz_amean','hammarbergindexv_sma3nz_amean'],,
9 ['pcm_rmsenergy_sma_pctlrange0-1','f2amplitudelogrelf0_sma3nz_stddevnorm','alpharatiov_sma3nz_stddevnorm','mfcc1_sma3_stddevnorm', 'pcm_rmsenergy_sma_stddev'],,
