0 ['audspec_lengthl1norm_sma_pctlrange0-1','audspec_lengthl1norm_sma_range', 'pcm_zcr_sma_minpos','f0semitonefrom27.5hz_sma3nz_percentile80.0','mfcc3_sma3_amean'],,
1 ['f0semitonefrom27.5hz_sma3nz_percentile80.0','audspecrasta_lengthl1norm_sma_skewness','f0semitonefrom27.5hz_sma3nz_meanfallingslope','audspecrasta_lengthl1norm_sma_percentile1.0','mfcc3_sma3_amean'],,
2 ['audspecrasta_lengthl1norm_sma_iqr2-3','audspecrasta_lengthl1norm_sma_quartile3', 'voicedsegmentspersec','pcm_rmsenergy_sma_upleveltime50','audspecrasta_lengthl1norm_sma_stddev'],,
3 ['spectralflux_sma3_stddevnorm','pcm_rmsenergy_sma_quartile2','audspec_lengthl1norm_sma_upleveltime25','spectralfluxv_sma3nz_stddevnorm','audspecrasta_lengthl1norm_sma_pctlrange0-1'],,
4 ['pcm_zcr_sma_quartile1','audspecrasta_lengthl1norm_sma_maxseglen','pcm_zcr_sma_quartile2','pcm_rmsenergy_sma_quartile2','audspecrasta_lengthl1norm_sma_lpgain'],,
5 ['f0semitonefrom27.5hz_sma3nz_percentile80.0','spectralflux_sma3_amean','pcm_rmsenergy_sma_quartile2', 'loudnesspeakspersec','pcm_zcr_sma_percentile99.0'],,
6 ['pcm_zcr_sma_range','audspecrasta_lengthl1norm_sma_quartile3','slopeuv0-500_sma3nz_amean','loudness_sma3_amean','pcm_zcr_sma_pctlrange0-1'],,
7 ['f0semitonefrom27.5hz_sma3nz_amean','audspec_lengthl1norm_sma_quartile2','loudness_sma3_meanfallingslope','loudness_sma3_percentile80.0','mfcc2v_sma3nz_amean'],,
8 ['mfcc3v_sma3nz_stddevnorm','pcm_zcr_sma_quartile3','audspecrasta_lengthl1norm_sma_quartile1','pcm_zcr_sma_percentile99.0','mfcc2_sma3_amean'],,
9 ['audspecrasta_lengthl1norm_sma_quartile3','audspecrasta_lengthl1norm_sma_range','f3amplitudelogrelf0_sma3nz_amean','mfcc3_sma3_stddevnorm','jitterlocal_sma3nz_stddevnorm'],,
